{"train/loss":0.017495990520162902,"val/f1_n":0.9070070287630456,"val/macro_recall":0.8069031385649125,"val/micro_f1":0.909533382047322,"_timestamp":1.7754475899665697e+09,"val/f1_t":0.8462315537821898,"val/n_valid_n":743,"val/n_valid_t":863,"epoch":10,"_runtime":48912,"_step":9,"val/f1_m":0.6991131015103618,"val/f1_macro_avg":0.8174505613518658,"val/exact_match":0.75,"val/macro_precision":0.8441402049444844,"val/n_valid_m":623,"_wandb":{"runtime":48912}}